{
  "inputs": [
    "Power_W",
    "Pressure_mTorr"
  ],
  "outputs": [
    "nAr",
    "nArm",
    "nArr",
    "nArp",
    "ne",
    "Tg"
  ],
  "input_ranges": {
    "Power_W": [
      200.0,
      1600.0
    ],
    "Pressure_mTorr": [
      1.0,
      6.0
    ]
  },
  "mean_errors_percent": {
    "nAr": 0.2457465310823556,
    "nArm": 0.063911291837431,
    "nArr": 0.0716747432276706,
    "nArp": 0.36636561754454827,
    "ne": 0.364000741805192,
    "Tg": 0.22124450386462383
  },
  "max_errors_percent": {
    "nAr": 1.202302084484581,
    "nArm": 0.7439265154863415,
    "nArr": 1.2455560383542967,
    "nArp": 3.137753924832042,
    "ne": 1.8986723495907774,
    "Tg": 1.139651646856559
  },
  "r2_scores": {
    "nAr": 0.9999274903344463,
    "nArm": 0.9999265605783452,
    "nArr": 0.9998870609883673,
    "nArp": 0.9998737560242553,
    "ne": 0.9998705448136272,
    "Tg": 0.9998911844993049
  },
  "note": "Te excluded due to 0D model limitations at high power"
}